bg_origin,google_duration,trip_path_distance,origin_lat,origin_lng
,mean,mean,mean,mean
530079603001,255.0,96.65,48.02697,-120.33774
530299720001,67.0,40.1,48.04078,-122.40862
530299721001,72.0,30.38007093,47.971973,-122.359905
530330001001,31.857142857142858,7.404285714285715,47.72781285714286,-122.28544428571429
530330001002,15.857142857142858,6.288675659428572,47.7311105,-122.29210642857143
530330001003,7.918032786885246,1.797804873819672,47.724047081967214,-122.29098034426232
530330001004,47.0,5.97,47.73186,-122.29243999999998
530330001005,9.222222222222221,2.6966631422857144,47.72062734920635,-122.29468750793656
530330002002,7.285714285714286,2.0080878759642853,47.72040153571428,-122.29929953571424
530330002003,21.0,12.209824063333334,47.72486133333333,-122.31730066666667
530330002004,18.818181818181817,9.790513986454547,47.73246490909091,-122.311277
530330002005,15.2,4.6068154020000005,47.72135660000001,-122.31274850000003
530330002006,12.0,3.4899999999999998,47.729685,-122.30526
530330003001,18.5,5.039679339499999,47.7327005,-122.3273205
530330003002,10.11111111111111,2.354958738777778,47.73287244444444,-122.34053777777778
530330004011,16.699481865284973,5.156290030559587,47.7305433316062,-122.34946994300519
530330004012,11.6,2.602,47.733560000000004,-122.35658000000001
530330004013,18.195876288659793,6.125715613927838,47.7246147113402,-122.35300634020618
530330004021,9.166666666666666,2.186039369166667,47.72210925000001,-122.35555975000001
530330004022,16.939393939393938,4.673894799636364,47.72117766666668,-122.34744784848485
530330004023,15.0,5.160665262666666,47.71415733333333,-122.35663066666666
530330005001,14.444444444444445,2.6724612171111115,47.724734777777776,-122.36819544444445
530330005002,9.0,2.7697612325,47.720955,-122.361899
530330005003,9.833333333333334,3.0149383133333334,47.71907916666667,-122.36937833333333
530330006001,13.217948717948717,3.6756030346410276,47.72511555128203,-122.34117426923083
530330006002,14.0,6.160561926,47.713435714285716,-122.31393657142857
530330006003,19.457142857142856,3.685125769542857,47.716691657142846,-122.33973505714286
530330006004,15.275,3.780802596225,47.713871550000015,-122.33625827500005
530330006005,11.142857142857142,2.785294335428571,47.719625857142866,-122.32530585714287
530330006006,19.714285714285715,6.235714285714286,47.718022857142856,-122.31445142857145
530330007001,19.3546511627907,6.626723364075573,47.71746595639537,-122.29490539534882
530330007002,12.424242424242424,3.6958206765151513,47.71560260606061,-122.2985106363637
530330007003,11.0,4.928454239454545,47.71822581818182,-122.31021472727271
530330007004,14.714285714285714,6.140276184714287,47.71445242857143,-122.31040114285712
530330008001,15.0,5.9757854906,47.71591070000001,-122.2896125
530330008002,15.4,4.0847900726666655,47.70782160000001,-122.28835066666667
530330009001,10.25,3.2095365577500004,47.715518249999995,-122.280541
530330009002,20.25,3.8760486155000002,47.69631174999999,-122.2740595
530330010001,17.555555555555557,4.371853125666667,47.70997988888889,-122.2989431111111
530330010002,24.11111111111111,3.4004522248333333,47.70519516666667,-122.29805172222223
530330011001,3.3333333333333335,0.660408757,47.70997733333334,-122.303916
530330011002,15.25,3.04021687025,47.70307075,-122.30437375
530330012001,12.125,4.4422118094166665,47.70787583333334,-122.31667849999998
530330012002,10.875,4.1822662660625,47.7061005625,-122.32048431249999
530330012003,26.892086330935253,3.44351639557554,47.70839308633095,-122.32113963309347
530330012004,15.10344827586207,4.917486163109193,47.70776918965516,-122.32575148850572
530330012005,14.26530612244898,5.674115347724489,47.7077055,-122.33279445918369
530330013001,10.105263157894736,2.9464091951052622,47.70459494736843,-122.33598921052632
530330013002,21.650602409638555,5.084604611927711,47.70445193975905,-122.34721584337345
530330013003,14.327272727272728,3.675024535909091,47.699985636363635,-122.34550018181818
530330014001,4.0,1.345889586,47.710206,-122.354501
530330014002,14.8125,4.353775057916667,47.70713358333333,-122.35538543749995
530330014003,15.142857142857142,4.278578358892857,47.70187300000001,-122.36395367857146
530330014004,24.352941176470587,6.115099990235295,47.70432823529411,-122.37396929411767
530330015001,28.526315789473685,5.230649467508773,47.698609473684215,-122.39003466666664
530330015002,4.0,1.26,47.6948975,-122.39767
530330016001,15.5,3.4908938038181816,47.70111690909091,-122.37887186363633
530330016002,11.285714285714286,2.1867386675714284,47.695656142857146,-122.38364392857144
530330016003,13.631578947368421,3.9167782101578963,47.692593754385975,-122.37778584210523
530330017011,14.339506172839506,3.7055452265678994,47.69147942592592,-122.35588718518522
530330017012,10.0,1.492317587555556,47.69430622222222,-122.35331419999999
530330017013,18.772727272727273,4.0657739324090905,47.70289922727272,-122.35286654545456
530330017021,10.5625,2.5545432866875006,47.6991914375,-122.35689725000002
530330017022,20.5,6.6916666666666655,47.690806666666674,-122.36936833333334
530330017023,11.5,2.36625,47.69673125,-122.37115375000002
530330017024,9.11111111111111,2.4311512640000004,47.69965666666666,-122.36231811111111
530330018001,17.333333333333332,6.021568099813334,47.69318126666666,-122.33887139999995
530330018002,17.08730158730159,4.954607851738093,47.69163587301586,-122.34444047619047
530330018003,12.631578947368421,3.8761318207105298,47.69557872807016,-122.34700196491221
530330019001,18.50877192982456,5.0607343028830405,47.699790005847966,-122.32640287719303
530330019002,17.53846153846154,6.00390494276923,47.693874461538456,-122.32008846153846
530330019003,12.142857142857142,3.5471196968571426,47.69212314285714,-122.32773314285716
530330020001,16.764705882352942,2.2074359024705887,47.69048305882354,-122.31532964705885
530330020002,36.26923076923077,2.4353846153846153,47.70101346153846,-122.31636192307691
530330020003,8.166666666666666,1.3749732769999998,47.694462166666675,-122.31685900000001
530330021001,14.142857142857142,4.353631898285714,47.69189485714286,-122.29126857142856
530330021002,6.0,1.5739962973333332,47.70035066666666,-122.302522
530330021003,11.266666666666667,4.556883837066667,47.692643200000006,-122.30113060000001
530330022002,15.666666666666666,5.092910701666667,47.69819966666666,-122.28768000000001
530330022003,21.5,10.8915462305,47.69078974999999,-122.2827185
530330022004,16.966666666666665,2.441666666666667,47.68737700000001,-122.27669599999999
530330024001,9.678571428571429,2.329330403571429,47.68573703571428,-122.28416521428574
530330024002,9.0,2.63,47.68427,-122.28626
530330024003,34.142857142857146,17.531578574285714,47.685050000000004,-122.29173714285714
530330025001,10.9,3.1490323173,47.686232100000005,-122.30113459999998
530330025002,9.64,2.5814662249600007,47.67665488000001,-122.30415392
530330026001,11.555555555555555,5.979030902444445,47.687304000000005,-122.30991866666669
530330026002,8.344827586206897,1.4965726411379312,47.68188741379311,-122.31675555172413
530330026003,13.261818181818182,3.90214480152,47.677219934545434,-122.31091057454546
530330026004,15.428571428571429,2.279118392142857,47.686239,-122.315062
530330027001,17.46153846153846,8.357355291615384,47.688417384615384,-122.32218269230769
530330027002,24.5,8.3987881754375,47.6894053125,-122.32839900000002
530330027003,12.863636363636363,3.7448976864545447,47.68661909090909,-122.33570913636363
530330027004,20.289473684210527,10.576751925868423,47.68671739473686,-122.34222473684213
530330028001,17.8,7.3030134106,47.6855124,-122.34793199999999
530330028002,16.875,5.277413011749999,47.683087687500006,-122.3508866875
530330028003,8.272727272727273,1.9295845649999999,47.68139136363636,-122.34958354545455
530330028004,12.416666666666666,3.7106202126249985,47.6895075,-122.35122216666663
530330029001,17.46875,4.652888404937499,47.68886443750001,-122.3576368125
530330029002,14.80952380952381,4.109645916,47.683110428571425,-122.3559610952381
530330029003,8.0,1.92,47.681581,-122.363033
530330030001,14.25,5.612500000000001,47.6812175,-122.3686275
530330030002,11.786516853932584,3.323952545112359,47.68854316853935,-122.37653116853932
530330030003,11.166666666666666,2.7217602124999987,47.682738055555554,-122.37480286111109
530330030004,8.727272727272727,1.531947229090909,47.68141290909091,-122.37826581818184
530330031001,10.5,2.8928237983076923,47.68663426923078,-122.3872398846154
530330031002,14.5,5.428607743,47.684591,-122.39158
530330031003,14.3,3.360792527399999,47.6831078,-122.3846111
530330031004,13.5,1.2650000000000001,47.682500000000005,-122.39083
530330031005,25.742857142857144,8.222137791371425,47.69008385714286,-122.40192037142856
530330032001,17.357142857142858,2.7524097556666667,47.675925023809526,-122.38820873809523
530330032002,10.608108108108109,2.684773255702702,47.673152202702724,-122.39071021621618
530330032003,20.647058823529413,4.469056676399998,47.66856692941178,-122.39216669411769
530330032004,24.58823529411765,5.44841876382353,47.66834600000001,-122.39888223529415
530330032005,17.666666666666668,5.2232482435,47.67346833333334,-122.395889
530330032006,29.384615384615383,4.924899558692308,47.67528438461538,-122.4056836923077
530330032007,6.875,1.8968622657499998,47.67768162500001,-122.39721775000001
530330033001,18.214285714285715,2.586185007119048,47.67797238095239,-122.37332542857142
530330033002,8.714285714285714,2.385166697809524,47.674011190476186,-122.36905904761906
530330033003,14.702247191011235,3.298509605455052,47.674219393258426,-122.37754551123591
530330033004,17.253012048192772,6.0312203198674705,47.67538639759035,-122.38654581927715
530330033005,12.41025641025641,2.766463978564103,47.67735056410256,-122.38062228205123
530330034001,14.1875,2.5236406951249997,47.67519043750001,-122.36545074999998
530330034002,20.666666666666668,7.583333333333333,47.67612333333333,-122.36243
530330034003,19.15909090909091,4.741064236340912,47.67040595454545,-122.3616504090909
530330035001,13.142857142857142,3.7802111200476194,47.6778029047619,-122.3524149047619
530330035002,18.647058823529413,4.529911140058822,47.67432135294116,-122.3530131764706
530330035003,22.533333333333335,2.9901104344666667,47.667177499999994,-122.35165536666668
530330036001,12.67816091954023,3.561386970051723,47.67678910919536,-122.31909288505746
530330036002,16.8876404494382,4.416707279106742,47.680901404494385,-122.32432853932598
530330036003,18.875,1.6142870342500002,47.675007812500006,-122.327355625
530330036004,16.238888888888887,4.650792299116668,47.678106961111126,-122.32566924999996
530330038001,13.571428571428571,3.868137033380952,47.679340380952375,-122.29147952380953
530330038002,9.5,2.46542659025,47.678835500000005,-122.29908800000001
530330039001,11.235294117647058,4.035672372117647,47.68098429411765,-122.2876847647059
530330039002,20.0,7.819954035,47.680623,-122.27626200000002
530330040001,20.71212121212121,5.021735014924245,47.6820661212121,-122.26036109090913
530330040002,11.0,2.3462236695,47.6773505,-122.27301750000001
530330041001,25.583333333333332,5.152636599958332,47.67407866666667,-122.26079791666668
530330041002,13.652173913043478,2.718447263826087,47.66342508695652,-122.27103304347824
530330041003,34.5,7.865,47.657865,-122.275605
530330041004,20.548387096774192,4.925686093322581,47.66265611290324,-122.28140595161288
530330041005,16.428571428571427,4.682081170571429,47.66014314285714,-122.28719776190478
530330041006,38.5,4.0649999999999995,47.65607,-122.27338499999999
530330042001,23.0,2.6081295987499997,47.67270224999999,-122.26981775
530330042002,9.75,2.3196171635625,47.668161375,-122.28293099999999
530330042003,15.533333333333333,3.6090737447333328,47.66329123333335,-122.28689920000002
530330042004,28.25,19.746969758499997,47.66789175,-122.28778349999999
530330042005,12.782608695652174,2.506059693413044,47.67272204347826,-122.29230773913048
530330043011,13.6,3.0196829952070203,47.66384493684209,-122.29812989473683
530330043012,19.25,1.1404094805,47.670784,-122.29992875
530330043013,13.333333333333334,2.7510009498333328,47.67255354166667,-122.30261120833335
530330043021,19.495934959349594,4.088372246593492,47.66508704065042,-122.3050911219512
530330043022,12.186046511627907,2.360449896813954,47.66537520930234,-122.30209329069763
530330044001,9.166666666666666,3.753847370833333,47.67138825000001,-122.30951049999999
530330044002,13.763392857142858,2.6798092060044634,47.672489647321456,-122.31448061160707
530330044003,11.0,0.5599999999999999,47.665925,-122.30765
530330044004,15.109375,3.824832490640624,47.66626351562501,-122.31429256250001
530330045001,11.071428571428571,2.82402962375,47.66624878571428,-122.3181018571428
530330045002,14.678571428571429,3.3708929582500002,47.66959407142856,-122.32549378571427
530330046001,17.46808510638298,3.138152360244681,47.67676111702129,-122.33602291489359
530330046002,17.5,5.181,47.669056999999995,-122.332827
530330047001,16.11111111111111,2.2675872140000006,47.67014588888889,-122.37139916666666
530330047002,12.993690851735016,2.486031002078866,47.66306876025239,-122.37255976025246
530330047003,13.371428571428572,3.454228418579588,47.669803244897956,-122.37671517959186
530330047004,14.002518891687657,2.8671405049168754,47.6684090302267,-122.38412227455936
530330048001,12.733333333333333,3.065918129533333,47.6670358,-122.36169953333334
530330048002,22.4,6.797242395133336,47.657924733333324,-122.35895106666666
530330048003,14.96078431372549,3.1524945177843136,47.65389709803923,-122.35878352941178
530330048004,16.333333333333332,5.140000000000001,47.66775333333334,-122.36428
530330049001,15.92,3.0859795771999994,47.663552120000006,-122.35069587999999
530330049002,15.508196721311476,2.8592498433497258,47.65070262295082,-122.35038723497264
530330049003,16.10126582278481,3.446358885727846,47.65335500632911,-122.35278187341775
530330049004,10.666666666666666,2.630158835190476,47.65872938095237,-122.3514603333333
530330049005,13.590909090909092,4.115106702772727,47.66077581818181,-122.35068604545458
530330050001,13.253521126760564,2.882923112767608,47.66272411267603,-122.34000776760564
530330050002,16.465753424657535,2.9960130649315078,47.65801939726027,-122.34285171232874
530330050003,17.61904761904762,3.864748869314286,47.66062984761906,-122.3427178761905
530330051001,10.869918699186991,3.1185186713983732,47.661697268292706,-122.33386963414637
530330051002,3.5,0.9291320725000001,47.6572285,-122.3337825
530330051003,19.0,4.15,47.65275,-122.334265
530330052001,23.52542372881356,6.117771680101695,47.65868744067797,-122.3206065084746
530330052002,18.668639053254438,5.33815107110059,47.65728314792897,-122.31942175739647
530330052003,10.6,2.56970083645,47.65618930000001,-122.32489969999999
530330052004,11.775510204081632,2.1457308025306125,47.66124675510207,-122.32593475510204
530330052005,14.061643835616438,2.9611356811095884,47.661901219178084,-122.3187569246576
530330053011,15.2,2.7182409551199997,47.66396796,-122.30850956
530330053012,15.685,3.753534967850003,47.66285119500002,-122.31424524999997
530330053013,29.87878787878788,17.719388838703008,47.65986583030299,-122.3142641575758
530330053014,14.916666666666666,2.579384416458334,47.65770675000002,-122.31421898611113
530330053021,16.581818181818182,2.2257691137272726,47.656095709090906,-122.31361000000001
530330053022,18.387254901960784,4.468472604862747,47.6512031470588,-122.3103443480391
530330053023,16.48076923076923,2.836468034627622,47.65461169930068,-122.30587460489512
530330054001,10.125,3.82497995775,47.653391750000004,-122.33825300000001
530330054002,15.430232558139535,2.8781654409302324,47.6479455116279,-122.33682923255813
530330054003,17.31063829787234,4.280456246812767,47.6505913914894,-122.34310625106377
530330054004,13.057142857142857,3.503295599457143,47.65527918571428,-122.3435296285714
530330056001,7.0,0.72,47.64932,-122.40464
530330056002,12.666666666666666,4.514949006666667,47.64661666666667,-122.41188
530330056003,15.9375,5.520103603687499,47.633861749999994,-122.39687856250002
530330056004,19.25,6.884126222999999,47.64217625,-122.40161750000001
530330056005,11.0,2.8199322437272727,47.635794545454544,-122.39466772727275
530330057001,55.93333333333333,3.7812118894666673,47.66142953333334,-122.41385086666665
530330057002,13.666666666666666,4.066246929,47.648062,-122.39374766666667
530330057003,8.875,2.8888407211249993,47.642785312499996,-122.39804793749998
530330057004,16.681818181818183,2.8254545454545448,47.65119363636364,-122.3985322727273
530330057005,12.0,3.113318299,47.664749,-122.402109
530330057006,14.76923076923077,4.677604364076924,47.657315,-122.40037753846153
530330058011,13.2,3.7314510704,47.6501328,-122.383312
530330058012,42.4,7.128,47.651742,-122.38897
530330058013,9.0,1.9,47.655575,-122.39152
530330058014,16.14814814814815,4.177861514037036,47.65479307407407,-122.38096562962964
530330058021,10.866666666666667,2.7482551306,47.647734,-122.38725266666665
530330058022,13.108108108108109,3.3748169468648648,47.63724616216216,-122.37538647297296
530330058023,21.033898305084747,4.9980888472542375,47.63512954237287,-122.38209530508476
530330059001,20.511363636363637,4.117784649636363,47.65408993181818,-122.37225489772742
530330059002,23.375,7.4788244214374995,47.64612875,-122.371864625
530330059003,16.11111111111111,5.166567925074073,47.649269851851855,-122.36235762962963
530330059005,19.416666666666668,2.3490085787500004,47.641956,-122.36358583333333
530330060001,26.263157894736842,3.6530689028947374,47.640454315789476,-122.3423262105263
530330060002,14.0,3.702395467571429,47.64415257142857,-122.350475
530330060003,17.454545454545453,2.8909086150909094,47.64512993939394,-122.35865624242427
530330060004,12.0,2.645302756970588,47.64882170588234,-122.35709976470586
530330061001,15.928571428571429,4.067120316428571,47.64834114285715,-122.31966225
530330061002,16.25,3.0235646423333336,47.64163041666668,-122.32049766666667
530330061003,17.43859649122807,4.107550890982455,47.646623526315786,-122.32402405263157
530330061004,12.631578947368421,3.2115697072368423,47.64129917105263,-122.32652780263155
530330062001,21.620689655172413,3.931440987,47.638202482758615,-122.2971032758621
530330062002,8.8,2.12826513785,47.640600799999994,-122.30543225
530330062003,11.047619047619047,3.923334063190476,47.63729166666666,-122.31259361904759
530330063001,20.470588235294116,4.679785020823529,47.63844217647059,-122.2785272352941
530330063002,11.642857142857142,2.8377009545,47.634040500000005,-122.27903349999998
530330063003,11.428571428571429,2.9377597684285712,47.636519428571425,-122.28111985714284
530330063004,11.666666666666666,2.9048975926666665,47.630513666666666,-122.29153783333332
530330064002,4.0,0.58,47.62794,-122.31126
530330064003,19.57894736842105,8.683030812999998,47.62866257894736,-122.30665363157897
530330065001,17.766666666666666,2.811067708466667,47.63126866666667,-122.31571159999999
530330065002,13.69767441860465,3.5255418670697667,47.62606888372094,-122.32231358139538
530330065003,10.342105263157896,1.7726776676578944,47.62488813157895,-122.31860878947369
530330066001,18.855072463768117,4.297507832554347,47.63165527898551,-122.3292786304348
530330066002,19.631205673758867,5.4304195998652505,47.63828173758867,-122.32578607092191
530330067001,19.364864864864863,6.58700057933784,47.63262977027029,-122.34092248648643
530330067002,15.883116883116884,3.1929148633376627,47.62698684415585,-122.34424031168832
530330067003,6.222222222222222,1.421719862888889,47.632026333333336,-122.34853455555559
530330067004,10.875,3.077252460249999,47.63659681249999,-122.34819906250002
530330068001,20.666666666666668,4.605,47.637558333333324,-122.35106
530330068002,9.595505617977528,1.7460960405617971,47.636167359550555,-122.35725503370794
530330069001,9.714285714285714,1.922944296,47.63836585714286,-122.3649507142857
530330069002,14.666666666666666,2.53221863125,47.632990500000005,-122.364222
530330069003,15.0,1.97111382975,47.62976050000001,-122.365947
530330069004,19.8,3.4099100346,47.636562399999995,-122.3699004
530330070001,20.0,4.209292733666666,47.63032588888889,-122.35575922222223
530330070002,17.405405405405407,3.6522649552972966,47.62541675675677,-122.36321999999998
530330070003,13.02,1.7425252692600006,47.62525828,-122.35394973999995
530330070004,13.313253012048193,3.658131557891564,47.63125610843376,-122.35882799999999
530330070005,21.10144927536232,5.990281561318839,47.62589036231886,-122.35842279710148
530330070006,22.583333333333332,3.6644375575833332,47.628687583333324,-122.35883133333334
530330071001,18.190184049079754,4.758013624055218,47.62377227607361,-122.36342517177923
530330071002,18.656050955414013,3.772079111691085,47.6222096878981,-122.3547830732484
530330072001,16.750380517503807,3.389376248074581,47.6176959269406,-122.34094955251128
530330072002,16.269662921348313,3.3271587353146055,47.61673544943821,-122.34456340449441
530330072003,25.229166666666668,7.032238513166667,47.61758574999999,-122.34739429166672
530330073001,20.532967032967033,3.4636580105879125,47.6224041318681,-122.33106266483519
530330073002,14.460714285714285,2.8751459758142857,47.61736451071429,-122.33223048928565
530330073003,16.167714884696018,3.842129314498956,47.61897025786165,-122.33650695178196
530330074011,15.893617021276595,3.255195622957448,47.62398472340425,-122.32454961702129
530330074012,12.282828282828282,1.9597635269343447,47.623135833333336,-122.32155509595965
530330074013,14.985074626865671,4.153855784522388,47.62247644776118,-122.32719789552243
530330074014,20.47457627118644,6.971350142966101,47.62230518644068,-122.32483833898301
530330074021,16.416030534351144,3.324763067687022,47.61984556488552,-122.32328513358772
530330074022,16.01298701298701,2.608236121077922,47.61751807792207,-122.32284480519478
530330074023,14.842105263157896,3.2687672644736843,47.61807406578946,-122.32668688157896
530330075001,15.836206896551724,3.9608161050258617,47.62153816379307,-122.31365464655174
530330075002,15.62135922330097,3.3120155420970896,47.61688858252427,-122.31409837864089
530330075003,22.238532110091743,3.618779832944953,47.622542211009176,-122.31858898165139
530330075004,13.514950166112957,2.760728230471759,47.61420465448505,-122.31786177408627
530330075005,15.137931034482758,2.4124937342689647,47.618357268965504,-122.31985400689652
530330076001,14.612903225806452,3.473807250774194,47.62383369354839,-122.30890591935486
530330076002,17.828125,4.0255779163125,47.619732156249974,-122.307231671875
530330076003,11.26984126984127,2.7234004841904764,47.6202932063492,-122.31158934920634
530330077001,13.318181818181818,2.319251386909091,47.622071772727274,-122.29431763636366
530330077002,12.466666666666667,2.0474915777333336,47.62367,-122.29711986666669
530330077003,7.933333333333334,1.887430157933333,47.615087800000005,-122.30152266666666
530330077004,16.764705882352942,3.7888755265882357,47.61979094117647,-122.30056588235293
530330078001,11.75,3.567086937541666,47.605032833333325,-122.28744916666666
530330078002,11.909090909090908,2.3407153576363635,47.60849872727274,-122.28893163636366
530330078003,16.61904761904762,3.429119875761905,47.612911238095236,-122.289953
530330078004,14.75,4.421676036,47.622845,-122.28869399999999
530330079001,11.333333333333334,2.5712379106428567,47.61640104761906,-122.30404194047613
530330079002,14.972972972972974,5.378157479378378,47.6154810810811,-122.30652675675672
530330079003,34.333333333333336,2.3533199287333333,47.613041599999995,-122.31073680000002
530330079004,11.46551724137931,1.7930426545517235,47.615482137931046,-122.31055516379308
530330079005,15.972602739726028,5.523636607219177,47.61745963013697,-122.30893317808226
530330080011,16.425531914893618,3.805981723127659,47.61643561702129,-122.35025540425526
530330080012,17.0375,5.567659814037502,47.614253962499994,-122.3460672
530330080013,18.894736842105264,4.9308568535789465,47.61708821052631,-122.35493870175443
530330080014,7.48,2.21349783812,47.61542471999999,-122.35202740000004
530330080015,11.56,3.9735663954000002,47.615942999999994,-122.3527282
530330080021,15.898809523809524,4.57312091114881,47.611429577380925,-122.34271138690487
530330080022,15.635036496350365,3.4154260051678826,47.61338022627737,-122.34954963503648
530330081001,19.096385542168676,4.2239078537975905,47.6048832216868,-122.33738435421684
530330081002,18.353413654618475,5.679326278057219,47.60715320582327,-122.33445220180724
530330081003,15.583617747440274,4.1154723065085355,47.60910940955635,-122.34054089078501
530330082001,16.037406483790523,3.8242937616558565,47.61142598753109,-122.33385156608482
530330082002,16.5,4.984252808553571,47.60828310714287,-122.32883055357138
530330082003,13.434782608695652,2.1255282420869563,47.61052543478261,-122.32933556521739
530330083001,12.23728813559322,2.8472617285593222,47.60968580508477,-122.32668958474567
530330083002,19.204545454545453,6.987134100999998,47.61347074999998,-122.33003190909095
530330084001,14.355731225296443,2.0411431870632426,47.61488987747036,-122.32262356126483
530330084002,13.918604651162791,3.170765314127907,47.6109839883721,-122.32317476744188
530330084003,15.220930232558139,2.862391140186047,47.61510297674416,-122.32729458139532
530330085001,17.762886597938145,4.783632907247425,47.605757144329885,-122.32845757731957
530330085002,18.390625,4.268229492406251,47.60645981249999,-122.32218312499998
530330085003,15.548387096774194,4.931944446177418,47.6038074032258,-122.32525417741938
530330086001,17.17543859649123,4.732246449157893,47.609768491228074,-122.31564104385961
530330086002,15.378571428571428,3.5830503832571434,47.60845811428572,-122.31880395000002
530330086003,20.41176470588235,4.901088830558824,47.60285323529411,-122.31704902941173
530330087001,11.511111111111111,2.6411538794222222,47.607652711111115,-122.30812264444444
530330087002,10.45,2.8402778745,47.60334685,-122.30414160000001
530330087003,15.115511551155116,3.441561030551154,47.603384716171576,-122.30922705280531
530330088001,15.571428571428571,3.4467406095000004,47.61242228571428,-122.29951921428572
530330088002,13.382352941176471,1.757312665617647,47.60636676470587,-122.2997313235294
530330088003,12.083333333333334,3.5442109224999996,47.60233708333333,-122.29947858333334
530330089001,14.333333333333334,4.046666666666667,47.598498000000006,-122.289293
530330089002,24.0,11.1575,47.5935825,-122.29505750000001
530330089003,16.28723404255319,2.5607439134361694,47.59980194680849,-122.29934162765954
530330089004,20.523809523809526,6.61047619047619,47.592219523809526,-122.30098523809528
530330090001,17.384615384615383,2.747150152410256,47.59837105128204,-122.30415953846156
530330090002,19.03472222222222,4.420261235388889,47.598955263888875,-122.31161920138892
530330091001,11.655737704918034,2.948325616245901,47.59822155737706,-122.32131704918032
530330091002,14.674342105263158,2.461629698779608,47.59763541118418,-122.3257583684211
530330092001,14.3,3.0706979256600007,47.59977662,-122.327438
530330092002,19.01197604790419,4.229989117197604,47.60065826946107,-122.33245468263468
530330093001,16.533834586466167,4.464542711571428,47.58978998496241,-122.31924466917296
530330093002,23.261569416498993,6.483779281052321,47.5924665150905,-122.33257795372222
530330093003,16.04126984126984,4.95774712334603,47.57302211746032,-122.3299145492064
530330094001,11.556521739130435,3.283340785182609,47.58820970434787,-122.31489159999994
530330094002,14.211267605633802,3.9462005930985913,47.59289171830984,-122.30806125352117
530330094003,13.117647058823529,2.6496622157058822,47.58336852941176,-122.30579694117647
530330094004,10.092592592592593,2.2137836861666664,47.58423059259262,-122.31499407407411
530330094005,24.9,8.2933155622,47.590833833333335,-122.31445679999999
530330095001,11.923076923076923,2.756469025615385,47.587722615384614,-122.2921652307692
530330095002,16.234782608695653,3.906613480013042,47.588808082608715,-122.29799222608702
530330095003,9.956521739130435,2.673079755826087,47.575545826086966,-122.28707034782612
530330095004,12.5,3.7425643109565225,47.577363586956515,-122.29500705434798
530330096001,18.92,5.6152079986,47.58699972,-122.38160708000001
530330096002,13.990654205607477,3.490138155841123,47.58234954205607,-122.38642014953271
530330096003,19.0,2.39,47.58268,-122.39604
530330096004,31.1,13.082930034999999,47.58871219999999,-122.38714660000001
530330096005,18.736842105263158,2.8432191962105264,47.589763473684215,-122.39141426315788
530330097011,15.4,5.3403930292,47.57877106666668,-122.40689300000001
530330097012,15.090909090909092,6.465013814818181,47.577768545454546,-122.41087063636364
530330097013,12.11111111111111,3.3223716136666672,47.575531944444435,-122.41130266666664
530330097014,9.2,2.2173680506,47.566145600000006,-122.40492180000001
530330097021,15.0,0.612,47.57497600000001,-122.391382
530330097022,8.833333333333334,1.6199878648333337,47.568766833333335,-122.39083666666666
530330097023,17.0,7.01,47.56325,-122.39312
530330097024,15.0,4.410491358,47.568552,-122.401499
530330097025,11.538461538461538,1.6905777033846148,47.57869999999999,-122.40153061538462
530330098001,13.023255813953488,3.165018815761629,47.57891138372093,-122.38391324418609
530330098003,22.93548387096774,12.627139124096775,47.56551909677419,-122.37778206451614
530330098004,15.507874015748031,4.172363332937006,47.56573084251964,-122.38565603543307
530330098005,11.0625,2.829019121958334,47.572398541666665,-122.38702104166673
530330099001,27.333333333333332,12.051245896500001,47.57029716666667,-122.37402916666666
530330099002,17.369230769230768,4.335520682323078,47.56438416923076,-122.3599352307692
530330099003,15.125,4.675486815437501,47.563842375,-122.3740305
530330099004,19.032432432432433,5.9968562026486545,47.57013861621623,-122.36880542162169
530330100011,8.228070175438596,1.7642149930877196,47.578944561403524,-122.29977366666665
530330100012,15.25,4.3803325868888905,47.56544148611112,-122.3099409027778
530330100013,15.604651162790697,3.687638597755813,47.56421487209307,-122.29773430232558
530330100021,11.0,1.8734418439090907,47.577965545454546,-122.31304636363637
530330100022,12.333333333333334,3.270269802222222,47.579027166666656,-122.31166574999997
530330100023,4.0,0.79535488,47.580804,-122.307717
530330100024,11.375,3.9177620730833342,47.57297141666667,-122.30708283333333
530330101001,5.75,1.6710219617500002,47.565184,-122.2741895
530330101002,15.688888888888888,1.6183292195111108,47.562586622222234,-122.28216264444447
530330101003,16.796296296296298,4.851030089703704,47.562745537037024,-122.29184751851847
530330101004,11.75,2.280579878,47.569790499999996,-122.292447375
530330101005,14.26086956521739,3.723024949869566,47.567280282608685,-122.28608860869564
530330102001,7.6,1.7725636517999999,47.5561896,-122.26820660000001
530330102002,29.655172413793103,5.11502253813793,47.55200655172414,-122.25641203448274
530330102003,21.8,3.9149165368,47.5485706,-122.27211600000001
530330102004,9.88888888888889,3.084603123222222,47.55398533333333,-122.26974644444444
530330103001,14.3,4.7484872049,47.554244800000006,-122.27936729999999
530330103002,8.333333333333334,2.319964323166667,47.55213416666667,-122.277934
530330103003,17.0,5.673974302052633,47.54957642105264,-122.28212189473686
530330103004,16.590551181102363,5.52754805062205,47.5584163937008,-122.28754638582677
530330103005,15.48876404494382,5.058358723106741,47.5569953988764,-122.2837753764045
530330104011,19.0,10.804523223,47.5545716,-122.2924806
530330104012,15.538461538461538,2.672052436153846,47.55281199999999,-122.29548600000004
530330104013,20.8,2.4710002524,47.5472274,-122.29157119999999
530330104021,16.7,5.514144023799998,47.550804400000004,-122.31507180000001
530330104022,12.5625,2.4381569009375004,47.556815875000005,-122.30708499999999
530330104023,8.0,2.901605847166666,47.549670666666664,-122.302579
530330104024,16.8,1.38,47.55725,-122.315864
530330105001,12.262626262626263,3.3534284226969717,47.56150634343431,-122.37968998989896
530330105002,10.4,3.4761481841999995,47.5536564,-122.3826724
530330105003,12.066666666666666,1.6050844380666665,47.55524153333334,-122.38840873333332
530330105004,9.58974358974359,2.1430884520341884,47.560822999999985,-122.38480585470083
530330105005,11.945945945945946,2.3716658410945928,47.560799716216216,-122.38751875675673
530330106001,13.0,6.8739271762000005,47.547355800000005,-122.3774888
530330106002,18.453125,7.324563604703125,47.548853484374995,-122.385564359375
530330106003,22.94074074074074,6.582855398955553,47.54286373333331,-122.38677184444448
530330106004,11.4375,2.3850000000000002,47.5451319375,-122.3877760625
530330106005,38.5,23.564999999999998,47.54839,-122.39722
530330106006,6.285714285714286,0.6271569707142856,47.550090142857144,-122.38732857142857
530330107011,14.1,6.3490987934500005,47.54278500000001,-122.36203455
530330107012,10.461538461538462,2.8605863023846156,47.53626053846153,-122.36322907692308
530330107021,15.0,4.73,47.54956,-122.371685
530330107022,10.285714285714286,3.7937233844285716,47.54541857142858,-122.37128785714286
530330107023,13.333333333333334,1.9501887798333335,47.54354766666666,-122.37528100000002
530330108001,16.22222222222222,4.057680294037038,47.54466807407407,-122.35108688888891
530330108002,12.916666666666666,5.856559037916667,47.540911499999986,-122.35815241666664
530330108003,13.3,5.4613122307,47.55314609999999,-122.35928429999998
530330109001,19.11111111111111,9.94528987688889,47.54003112962964,-122.31699559259259
530330109002,17.53488372093023,5.818682339031007,47.54974505426357,-122.32360550387598
530330110011,18.647058823529413,6.24990584919608,47.5403452745098,-122.28894003921575
530330110012,22.416666666666668,5.129166086833332,47.542163749999986,-122.28627791666666
530330110013,25.63157894736842,5.4100610238947375,47.53358529824563,-122.28409828070176
530330110021,14.5,6.319764203499999,47.5379265,-122.2960135
530330110022,18.163636363636364,5.010891943163636,47.54129110909092,-122.29486385454547
530330111011,0.0,0.0,47.54290200000001,-122.274005
530330111012,12.8,2.9378219073,47.5370675,-122.2808023
530330111013,17.0,1.93,47.53510666666667,-122.27488666666666
530330111014,18.071428571428573,11.533367067857142,47.54472107142856,-122.28113978571427
530330111021,17.5,3.7312586280000004,47.5386995,-122.26363866666668
530330111022,19.0,7.542391256636364,47.54546990909091,-122.26824690909092
530330111024,6.8,1.0307695604,47.5336648,-122.2697412
530330112001,26.75,5.167319368333333,47.52522158333333,-122.32847974999999
530330112002,22.146341463414632,6.1428934570365845,47.529319939024404,-122.32320513414635
530330112003,17.0,5.8703967585952395,47.524915190476186,-122.31798985714283
530330113001,19.666666666666668,3.8699990015714283,47.527143238095235,-122.34355185714287
530330113002,13.727272727272727,6.685911257181818,47.51786472727272,-122.35304518181819
530330113005,11.5,3.3115928500000003,47.5336705,-122.350257
530330114011,16.333333333333332,5.180752501666667,47.53037416666667,-122.36542916666667
530330114012,14.74757281553398,4.293259975883495,47.52740440776699,-122.3627547184467
530330114013,12.0,4.7477266065,47.5310725,-122.3585745
530330114021,11.582677165354331,3.337444479283467,47.52277173228344,-122.36503874803151
530330114022,16.68,6.421642164879999,47.51949749333334,-122.35878221333337
530330114023,5.2,1.4150917756,47.519982899999995,-122.37013749999998
530330115001,13.333333333333334,4.065537015,47.5336035,-122.37163466666668
530330115002,17.77777777777778,5.054444444444443,47.52459233333333,-122.37592544444445
530330115003,10.2,2.8672982013999997,47.5349974,-122.3779272
530330116001,12.909090909090908,4.693834882545454,47.53847690909092,-122.38369845454545
530330116002,10.0,3.241692507,47.529413,-122.38357
530330116003,34.25,14.6370664125,47.5238205,-122.38552250000001
530330116004,11.0,3.6545588155714293,47.521581857142856,-122.38473457142857
530330116005,18.857142857142858,6.924693688642857,47.52197028571429,-122.3895565
530330116006,20.217391304347824,2.6557993484347833,47.53093795652174,-122.3946572608696
530330117001,19.142857142857142,6.612158122857144,47.527386428571425,-122.27913657142858
530330117004,24.666666666666668,13.754102891666667,47.51103233333333,-122.27615966666667
530330118001,12.857142857142858,4.783090749142858,47.52713114285715,-122.26425685714285
530330118002,20.5,6.557739607,47.51462775,-122.25695624999999
530330118003,38.0,28.073999999999995,47.519592,-122.263948
530330118004,17.054054054054053,6.945783730702704,47.5241392162162,-122.27312172972971
530330118005,29.88235294117647,6.8843436822941175,47.52879364705882,-122.27538882352944
530330118006,18.98181818181818,5.062516357045453,47.52688064545454,-122.26946060909087
530330119001,4.0,1.46643556,47.509791,-122.238271
530330119002,14.333333333333334,6.511438291,47.505408666666675,-122.24932933333334
530330119003,22.428571428571427,8.146884845714286,47.50374885714286,-122.25928242857141
530330119004,37.0,27.03150261,47.498027,-122.259893
530330119005,15.4,4.3424953604,47.511265200000004,-122.266542
530330120002,11.833333333333334,3.967062411,47.51000933333333,-122.37692133333333
530330120003,22.833333333333332,9.626666666666667,47.51295833333333,-122.38483666666666
530330121001,40.0,13.286636389749999,47.51221375,-122.39204825
530330121002,21.5,7.700270093,47.504072166666674,-122.378552
530330201002,45.0,15.33,47.7723,-122.38662
530330202002,17.1,3.3089999999999997,47.769031000000005,-122.351702
530330202003,24.0,15.59330525,47.774014,-122.373374
530330203001,14.0,5.5,47.77265,-122.3366
530330203002,23.0,10.6760858385,47.76845,-122.3325995
530330203003,27.26086956521739,7.287000674173913,47.766011695652175,-122.34514547826085
530330203004,23.0,7.825,47.77286500000001,-122.34645
530330203005,18.823529411764707,6.718678469470589,47.774567019607865,-122.34433425490202
530330204011,24.0,11.087208299666665,47.774708000000004,-122.31231966666667
530330204012,33.57142857142857,12.555714285714284,47.77019571428571,-122.324113
530330204021,19.0,8.643891981,47.774673,-122.299408
530330204025,10.0,4.298023207,47.773881,-122.30746200000002
530330205001,15.0,6.558156657666667,47.75994599999999,-122.31017633333335
530330205002,15.0,7.246428602,47.754354,-122.31274
530330205004,17.0,3.44,47.7552,-122.31437
530330205005,12.0,2.64,47.76059,-122.32027
530330205006,25.0,8.38,47.76047,-122.32013
530330206001,17.0,4.1859736495,47.7595175,-122.33369225000001
530330206002,14.0,4.4800931532499995,47.74891875,-122.32451675
530330206003,15.0,5.51559579475,47.75509925,-122.33459224999999
530330207001,16.4,5.812648678880001,47.754800320000015,-122.34382604000001
530330207002,20.0,6.470933859294118,47.75897670588235,-122.34697770588237
530330207003,20.285714285714285,5.322581296999999,47.75410514285715,-122.34842742857143
530330208001,26.0,14.01440153,47.761618,-122.359063
530330208002,21.0,6.94,47.75497,-122.35557
530330209001,15.346153846153847,3.0803428826153842,47.739497846153846,-122.34771100000003
530330209002,6.0,1.633584359,47.740411,-122.357687
530330209003,27.954545454545453,4.642638717272727,47.74836072727273,-122.35941586363634
530330210001,17.666666666666668,6.853076221999999,47.741689666666666,-122.32707433333333
530330210002,14.0,6.928654023600001,47.7397518,-122.3329477
530330210003,11.8125,3.922607234125,47.73974199999999,-122.34387962500003
530330210004,16.25,4.69139634525,47.7444135,-122.34414050000001
530330210005,10.0,3.146001373,47.747408,-122.331985
530330211001,14.5,5.6734279155,47.746548,-122.3198645
530330211002,15.0,9.280175885,47.73791,-122.316304
530330211003,14.333333333333334,5.970628425666667,47.735780500000004,-122.30762483333332
530330211004,14.5,6.3191654145,47.74280400000001,-122.30502075
530330213001,8.333333333333334,4.91,47.73894666666667,-122.28956000000001
530330213002,17.5,3.875,47.73693,-122.301885
530330213003,28.333333333333332,8.823857049999999,47.74340800000001,-122.29216333333333
530330214001,14.666666666666666,4.8007606662499995,47.75415483333333,-122.27976275000003
530330214002,11.0,2.33,47.74504,-122.29816
530330214003,9.0,2.69675014,47.763761,-122.305533
530330216001,23.0,8.205204055,47.776143,-122.254388
530330216003,18.0,7.474765558,47.767281,-122.253192
530330216004,16.75,4.2325,47.7664,-122.2603725
530330217001,27.666666666666668,7.366666666666667,47.76460666666666,-122.24773666666665
530330217004,41.333333333333336,11.454739286666666,47.75843766666667,-122.2456525
530330218021,26.2,11.4902767684,47.774105600000006,-122.1857348
530330218022,21.0,16.07176092,47.764842,-122.183077
530330218033,24.2,8.6854815678,47.758054800000004,-122.209925
530330218042,33.8,15.189379631999998,47.75916599999999,-122.193008
530330219031,34.5,16.5318890125,47.715504749999994,-122.18205599999999
530330219032,47.0,18.56,47.7258,-122.1761
530330219042,35.0,18.31677434,47.722958,-122.174552
530330219061,41.0,19.55,47.73393,-122.15198999999998
530330220032,44.0,16.845,47.719295,-122.204695
530330220035,23.0,9.242272254,47.720698,-122.190276
530330220051,24.0,16.05622664,47.717755,-122.189698
530330220052,59.0,14.758803169999998,47.70743985714286,-122.1860872857143
530330220053,40.0,14.75,47.712487,-122.193136
530330221011,61.333333333333336,19.283333333333335,47.75099,-122.24721
530330221012,21.0,8.675581902,47.736928000000006,-122.25578
530330221013,23.0,8.959548449,47.732458,-122.245646
530330221023,28.0,11.3,47.75108,-122.23831999999999
530330222023,37.0,14.67,47.72498,-122.21702
530330222024,21.0,10.34,47.72002,-122.2082
530330223001,30.5,13.41602126,47.730527,-122.250069
530330224001,32.666666666666664,13.656666666666666,47.69765,-122.20057000000001
530330224002,26.0,14.24058058,47.690293,-122.20083
530330224003,35.0,22.52904835,47.683463,-122.205576
530330224004,52.5,14.3,47.67915,-122.198665
530330224005,75.66666666666667,13.716666666666667,47.68185,-122.21204666666665
530330225002,21.0,13.93051645,47.693766,-122.184582
530330225004,32.3,13.629644657,47.672264299999995,-122.20084340000001
530330225005,25.142857142857142,12.012187217142856,47.67629742857143,-122.20149142857143
530330226031,21.0,14.174093880000001,47.704691,-122.167027
530330226034,60.0,10.49,47.69152,-122.17076000000002
530330226041,32.0,17.1,47.67902,-122.1716
530330226042,21.88888888888889,12.067577380000001,47.67328833333332,-122.18122544444446
530330226043,31.5,9.99,47.669825,-122.172175
530330226051,48.17391304347826,16.57735315956522,47.70461760869565,-122.1621054347826
530330226052,43.666666666666664,18.67182567,47.68171233333334,-122.14597866666668
530330226053,48.1764705882353,16.77924475352941,47.677007,-122.13913970588234
530330226061,24.0,14.45308946,47.668819,-122.149289
530330226062,23.4,14.939125858,47.6658902,-122.15676799999999
530330226063,28.8,16.241402174,47.6729182,-122.15714480000001
530330226064,22.0,13.182237574999998,47.665592000000004,-122.146842
530330227011,45.0,14.815000000000001,47.662965,-122.205935
530330227012,34.8235294117647,12.235083155705881,47.64643988235294,-122.20108
530330227021,22.0,8.992481112,47.664316,-122.190413
530330227031,34.714285714285715,15.386965805714286,47.660821285714285,-122.17254657142858
530330228011,100.0,37.62,47.65467,-122.14498
530330228013,27.0,18.42240741,47.631596,-122.156332
530330228021,40.666666666666664,16.561718065,47.671904833333336,-122.13512116666668
530330228022,26.5,15.571340205,47.65695375,-122.12913325
530330228023,31.0,15.109863677142856,47.663816571428576,-122.13686185714288
530330228031,30.714285714285715,13.376992033571428,47.64979228571429,-122.13628700000001
530330228032,37.888888888888886,13.217272613333334,47.64922711111111,-122.1291721111111
530330228033,34.91304347826087,13.328722893369566,47.64183757608697,-122.13290064130432
530330229011,41.0,13.054080063999999,47.6338982,-122.1294602
530330229021,30.0,16.35,47.63953,-122.10662
530330229024,23.0,14.627613015714287,47.64673814285714,-122.10684428571429
530330229025,22.0,13.664569660000002,47.628688,-122.0945315
530330230003,23.5,13.475,47.630055,-122.133065
530330231002,29.5,11.989999999999998,47.615341,-122.117713
530330232011,25.333333333333332,14.275601543333332,47.61386133333334,-122.13788966666668
530330232012,28.5,13.9109086425,47.620868,-122.13512474999999
530330232013,28.0,19.15873204,47.627476,-122.138206
530330232021,31.125,15.168646971250002,47.62007075,-122.12995675000002
530330232022,24.0,13.23893053,47.616559,-122.128933
530330233003,18.5,11.72185323,47.606181,-122.1325675
530330233004,37.0,13.522827783333334,47.60560366666667,-122.127479
530330234012,33.8,12.015920327200002,47.58419688,-122.15629848000002
530330234013,23.0,14.14178259,47.583138500000004,-122.1387225
530330234032,47.857142857142854,16.12406038142857,47.585069,-122.12565385714285
530330234041,27.0,13.64344305,47.559404,-122.086979
530330235003,41.0,11.31,47.5812,-122.16965
530330236011,21.25,11.674842234249999,47.619271250000004,-122.17057475
530330236012,26.714285714285715,11.692647035714286,47.611833857142855,-122.1802722857143
530330236031,31.0,13.285,47.61874,-122.15356
530330236032,20.0,11.76565989,47.620251,-122.155919
530330236033,26.0,14.2,47.613755,-122.15392500000002
530330237001,32.542857142857144,13.663823351171432,47.6257426,-122.16013202857147
530330237002,33.666666666666664,7.948254175166666,47.63425966666667,-122.18214133333333
530330237003,27.647058823529413,11.758687004411764,47.62936382352942,-122.18892605882354
530330238011,23.11111111111111,12.296379677777779,47.60718222222222,-122.193089
530330238012,34.666666666666664,14.14988978333333,47.600963166666666,-122.18815233333335
530330238031,30.923076923076923,10.907248252307692,47.618327692307695,-122.20085615384616
530330238032,29.9,12.2690359464,47.6189436,-122.1943747
530330238041,30.59259259259259,11.297327616703706,47.613059333333325,-122.2030771851852
530330238042,28.181818181818183,10.848145467909092,47.61449465909091,-122.19877634090908
530330238043,32.24444444444445,12.272851665844444,47.614730466666664,-122.19404866666667
530330239001,32.57142857142857,10.902857142857144,47.60363285714286,-122.20957142857142
530330239002,17.0,9.159629911,47.601712,-122.201279
530330240001,32.92307692307692,10.663634278615385,47.63571653846154,-122.19707730769233
530330240002,17.0,8.607852463,47.626479,-122.205149
530330241001,26.0,12.382811300999998,47.646260000000005,-122.21631166666667
530330241004,17.0,10.53783079,47.631766,-122.217901
530330242001,21.0,11.73583408,47.624833,-122.23606
530330242002,26.4,12.776,47.639562,-122.23709799999999
530330243001,13.0,7.843117884250001,47.59091375,-122.23526025
530330243002,25.11111111111111,10.536988943333334,47.58444022222222,-122.23237033333332
530330243003,16.0,7.6706217865,47.577798,-122.238721
530330243004,17.875,6.540210478125,47.585152,-122.235947
530330243005,24.0,8.8,47.58422,-122.2493
530330244001,17.0,7.3774559224,47.57722913333334,-122.21033533333333
530330244002,18.0,11.156716306,47.577318,-122.225399
530330245001,23.0,10.169357783333332,47.55927,-122.212444
530330245002,33.4,6.844563522499999,47.572956600000005,-122.22372414999998
530330245003,22.0,9.65,47.57142,-122.23041
530330246013,25.0,13.83047572,47.551268,-122.233898
530330246021,21.75,11.443945053,47.53844075,-122.2265865
530330246022,26.6,11.297999999999998,47.527954,-122.227798
530330247013,21.0,13.792882774999999,47.5555995,-122.1815985
530330248001,20.0,12.046519575000001,47.573097,-122.135351
530330248002,21.25,13.85486453,47.5737135,-122.1535975
530330248003,30.756756756756758,11.020245800162163,47.57801559459459,-122.16787881081079
530330249012,35.0,16.91,47.56704000000001,-122.15543
530330249031,26.0,17.260857886666667,47.557708,-122.127747
530330250012,16.0,11.18778486,47.538558,-122.168803
530330250031,27.0,12.58,47.56171,-122.10727
530330250051,60.0,10.11,47.52536,-122.14183
530330250052,37.0,16.66,47.5539,-122.16611
530330250061,46.5,19.065,47.534490000000005,-122.120945
530330250063,62.666666666666664,21.38,47.53824666666667,-122.09384
530330251014,31.0,15.315000000000001,47.507844999999996,-122.14985
530330251021,30.0,15.7399488,47.500166,-122.149319
530330251023,31.0,15.97669115,47.494281,-122.140456
530330252002,21.0,15.78344477,47.499362,-122.19228
530330253011,25.0,13.67,47.51918,-122.20946
530330253013,26.76923076923077,15.527512031538462,47.494829384615386,-122.20198384615384
530330253021,27.0,13.8291580352,47.492499099999996,-122.20885259999997
530330253022,20.791666666666668,9.900451822625,47.481168291666656,-122.2151443333333
530330253023,20.714285714285715,11.952570244285713,47.47387214285715,-122.20919300000001
530330254001,23.5,14.815331019999999,47.499833499999994,-122.177308
530330254003,21.0,14.96572054,47.49083,-122.185079
530330256011,19.0,7.343362478,47.486913,-122.159206
530330257011,19.0,12.24411556,47.476553,-122.18582
530330257012,41.0,16.515,47.478245,-122.200775
530330257023,49.0,18.13,47.46207,-122.16946000000002
530330258031,37.0,27.61,47.45441,-122.17643
530330258033,29.0,15.53,47.44549,-122.18184
530330258041,32.0,15.06,47.46076,-122.17912
530330258051,32.666666666666664,12.266666666666666,47.451613333333334,-122.18999333333333
530330258053,26.0,17.06781863,47.464431,-122.186526
530330260014,15.0,8.437182565,47.49132566666666,-122.23904066666667
530330260015,11.5,5.200253898,47.49908225,-122.2390595
530330260022,19.0,9.899999999999999,47.48043,-122.21884
530330260023,35.0,13.77890174,47.486259000000004,-122.219815
530330260024,17.0,10.021471490333333,47.49829866666667,-122.22190166666667
530330261001,18.5,11.570238710000002,47.496958,-122.25387950000001
530330261004,14.0,13.7,47.49294,-122.26628999999998
530330261005,9.833333333333334,4.126070710166666,47.4943265,-122.25979666666667
530330262001,25.40909090909091,11.958874487718175,47.45738226363636,-122.24659646363642
530330262004,19.0,13.34301017025,47.47112075,-122.26041624999999
530330263001,27.863636363636363,11.193597389227273,47.51889000000001,-122.29806213636363
530330263002,15.0,7.442034395,47.491061,-122.2783345
530330264001,17.5,7.0958975905,47.51685375,-122.30624700000001
530330264002,19.666666666666668,9.374002908666666,47.500597,-122.30821199999998
530330264003,17.0,8.121940341,47.511483,-122.30683700000002
530330264004,23.0,11.46,47.51238,-122.32531000000002
530330264005,9.285714285714286,6.092228069999999,47.516349142857145,-122.31742200000001
530330265001,30.0,7.43,47.51306,-122.34311
530330265002,14.470588235294118,3.603799847058824,47.51563341176471,-122.35345870588232
530330266001,15.333333333333334,5.45781513588889,47.515513444444444,-122.35624577777779
530330266002,8.272727272727273,1.6209090909090909,47.51674090909091,-122.36757636363636
530330267001,23.0,9.27,47.5032475,-122.3571225
530330267002,13.333333333333334,5.370315288666667,47.50242083333333,-122.359335
530330268012,25.0,7.6636978816250005,47.503197125,-122.33579475000002
530330268013,16.666666666666668,4.156329352222223,47.51039822222222,-122.35453011111109
530330268014,13.95,2.3905000000000003,47.50761450000001,-122.34970399999997
530330268021,18.0,6.153851260333333,47.502235000000006,-122.354324
530330268024,20.0,6.57,47.4942,-122.3456
530330270002,14.0,7.042618914,47.496054,-122.322762
530330271002,24.6,8.818000000000001,47.492584,-122.300536
530330272001,21.0,12.652511645499999,47.489979749999996,-122.28655899999998
530330272002,19.785714285714285,7.665078422571427,47.49239292857142,-122.28039021428572
530330273002,28.0,12.36952071,47.472927,-122.285707
530330274002,13.0,7.75471008,47.473262,-122.319208
530330274003,33.0,7.0882112685,47.4756135,-122.331774
530330275002,20.0,8.99,47.48184000000001,-122.33714
530330275003,15.333333333333334,8.259298891,47.473217999999996,-122.340525
530330277011,44.0,12.66,47.50189,-122.46506
530330277012,60.0,11.752857142857142,47.50295,-122.46547571428572
530330277015,63.0,16.816347569999998,47.446141,-122.46142599999999
530330277021,90.0,25.35,47.40083,-122.42681
530330279001,20.083333333333332,10.27950347,47.468250833333336,-122.34005283333333
530330279002,20.0,11.23625179,47.463853,-122.337808
530330279003,30.727272727272727,11.78732353418182,47.46004018181818,-122.3388708181818
530330280001,15.333333333333334,7.512049413833332,47.46181133333334,-122.32919033333333
530330280002,20.5,12.86155686,47.464791,-122.33096499999999
530330280003,9.0,6.047803943,47.467928,-122.333289
530330281002,29.666666666666668,16.253333333333334,47.470679999999994,-122.30578000000001
530330282001,19.0,13.10347165,47.465915,-122.273432
530330282002,27.0,9.45,47.4634425,-122.28666999999999
530330282003,22.5,9.895,47.465875,-122.2861
530330283003,48.0,13.612659368000001,47.43137300000001,-122.25074383333335
530330284021,22.0,14.08523783,47.453849,-122.294782
530330284024,46.27536231884058,16.444727187681156,47.445730753623174,-122.3024550869566
530330284031,59.5,16.545,47.4434,-122.28848500000001
530330284032,21.0,14.731152985000001,47.4430775,-122.295301
530330285001,21.0,12.41809944,47.457405,-122.329719
530330285003,21.0,11.615229783333334,47.44518733333334,-122.33183333333334
530330286003,39.0,21.68,47.43829,-122.34603
530330286004,28.5,13.61,47.424575000000004,-122.338285
530330286005,20.0,9.922673499,47.446032,-122.355404
530330287002,18.0,10.54,47.41504000000001,-122.32845
530330288012,18.0,11.5189756,47.432498,-122.295856
530330288013,29.25,15.095495245,47.416625749999994,-122.29867325000001
530330288021,24.0,13.438721274999999,47.429154000000004,-122.29326549999999
530330288024,27.666666666666668,13.25,47.41768666666667,-122.29315333333334
530330289012,34.5,14.8025,47.40437,-122.3233975
530330289013,33.0,26.59281469,47.397933,-122.32433600000002
530330289022,29.0,19.02,47.3944,-122.30822
530330290031,30.333333333333332,18.303005001666666,47.38782016666667,-122.30066633333333
530330290041,25.5,17.671014335,47.393557,-122.2962935
530330292031,37.333333333333336,19.989453100000002,47.38693,-122.23942999999998
530330292043,33.0,19.15,47.41453,-122.21912
530330292051,28.0,18.43,47.38157,-122.26183
530330292052,43.0,25.74,47.38135,-122.25933
530330292061,31.8,18.0018059305,47.4202202,-122.24618485
530330293033,22.0,7.980267753,47.442998666666675,-122.19951133333335
530330293042,29.0,20.10197322,47.438132,-122.156563
530330293052,28.0,18.17,47.41835,-122.21068
530330293053,21.0,8.340041562,47.429234,-122.197452
530330294073,28.0,21.69889669,47.38696,-122.202202
530330295031,32.0,25.41,47.38676,-122.20443
530330295032,66.75,23.055621562499997,47.378440250000004,-122.2113905
530330295041,32.0,22.472814274999998,47.381170499999996,-122.19505649999999
530330297002,33.0,24.45778393,47.351373,-122.202082
530330297003,28.571428571428573,18.103803314285713,47.38093214285714,-122.23484499999998
530330297005,74.0,20.15,47.37657,-122.21659
530330298015,63.4,20.572,47.372948,-122.25647800000002
530330298022,21.6,15.478,47.351914,-122.29146800000001
530330298025,38.0,25.49298802,47.34004,-122.277139
530330298026,55.5,22.6275,47.342282499999996,-122.2695
530330300061,23.0,18.634999999999998,47.315585,-122.300245
530330300062,47.0,23.353889385,47.31984550000001,-122.30691466666667
530330302021,30.0,23.08,47.32183,-122.31531
530330303052,34.5,21.9,47.31656,-122.367185
530330303083,39.0,29.21437894,47.308524,-122.345765
530330303084,36.0,24.44535651,47.30098,-122.35747199999999
530330303091,34.0,23.605,47.3145625,-122.337785
530330303104,48.0,34.04,47.28293,-122.33556000000002
530330303121,37.0,28.00394823,47.287953,-122.364751
530330303131,45.0,27.39,47.31277,-122.3121
530330303132,30.0,22.47,47.294849,-122.324203
530330303141,28.0,21.36601296,47.3046388,-122.31963679999998
530330304033,38.0,20.636666666666667,47.25754333333334,-122.29713333333332
530330305011,42.0,25.688241995,47.324526500000005,-122.230415
530330305012,12.0,3.42,47.318739,-122.222026
530330306003,48.0,26.81536436,47.306372499999995,-122.2275515
530330306004,79.0,34.41,47.31288,-122.21359
530330307001,50.0,33.08,47.30061,-122.22389
530330307002,30.666666666666668,26.079147996666666,47.29601066666667,-122.22098666666666
530330308011,53.833333333333336,31.401666666666667,47.29613833333334,-122.23802833333333
530330312021,58.4,25.631999999999998,47.264303999999996,-122.13787200000002
530330312023,58.0,41.26,47.2593,-122.00402
530330312061,40.0,34.42333203,47.315321,-122.176237
530330313012,56.0,37.88,47.2102,-122.0748
530330316013,67.4,32.326,47.331682,-122.107726
530330316053,45.0,30.79701087,47.326329,-122.010222
530330317041,56.0,26.63,47.35762,-122.13575
530330318002,35.0,19.89940628,47.400685,-122.152609
530330319032,32.0,12.361554675,47.479211,-122.117709
530330319034,47.333333333333336,14.633333333333335,47.46349,-122.11059666666667
530330319035,47.6,18.942,47.49389000000001,-122.102632
530330319062,28.0,16.93422386,47.43398300000001,-122.106208
530330319071,58.0,28.63,47.45291,-122.12796000000002
530330319082,57.0,20.09,47.4449,-122.14903
530330319083,27.0,19.2774139,47.446518,-122.152646
530330320033,49.0,32.92,47.39003,-121.99164
530330320054,42.0,27.49193852,47.366734,-122.085753
530330320055,35.0,31.62,47.35894,-122.10463
530330320102,46.0,32.44499999999999,47.38596,-122.03642500000001
530330320112,66.5,31.605,47.377285,-122.03917
530330321021,33.0,22.84905441,47.472693,-122.014476
530330321022,30.0,24.40745288,47.489056,-121.898357
530330321023,34.666666666666664,22.124824156666666,47.51561133333333,-121.994954
530330321031,39.72727272727273,18.41443475636364,47.542573454545455,-122.05014154545455
530330321032,30.0,21.81,47.53776,-122.03513
530330321033,21.0,16.23083189,47.532922,-122.036877
530330322031,36.0,22.28484954,47.615197,-122.038054
530330322032,37.0,23.557728035,47.596455,-122.043202
530330322033,30.5,21.872920055,47.601839999999996,-122.078108
530330322083,27.058823529411764,17.99371463647059,47.55066229411765,-122.0506640588235
530330322084,45.0,14.74,47.55246,-122.04255
530330322103,31.5,19.72225908333333,47.542028666666674,-122.02109033333335
530330322141,44.0,25.43022955,47.614559,-122.017169
530330322151,32.0,20.82276358,47.588788,-122.008205
530330323071,43.0,25.35877188,47.76525,-122.065704
530330323091,33.40816326530612,15.184687930204078,47.67410504081632,-122.1307821020408
530330323092,37.40196078431372,15.796761760980388,47.67664961764706,-122.12558521568624
530330323093,36.285714285714285,15.633681970714283,47.684616571428556,-122.13079814285716
530330323132,33.0,17.01595471388889,47.66597894444445,-122.11014383333334
530330323133,41.36363636363637,20.265001687272726,47.672168090909096,-122.09445572727273
530330323134,41.7,17.566467047,47.66148915,-122.09031745
530330323153,34.0,22.22457656,47.66052,-122.011497
530330323161,32.0,17.87,47.63811,-122.07675
530330323163,29.0,19.85156071,47.62319,-122.070382
530330323172,33.0,21.38945393,47.629845,-122.03758
530330323175,33.0,21.031915635,47.6235825,-122.0392635
530330323181,32.5,21.516524305,47.63288,-122.0286175
530330323192,41.0,24.66,47.75418,-122.15073
530330323193,26.5,17.25649552,47.7561075,-122.156428
530330323194,40.0,18.545,47.75412,-122.16602
530330323202,36.0,24.27,47.73803,-122.12921
530330323203,26.0,11.52,47.75696,-122.12869
530330323213,32.8,18.53629389,47.7151818,-122.13327160000001
530330323231,26.333333333333332,18.181936833333335,47.700007666666664,-122.10326733333333
530330323232,36.57142857142857,15.914051444285713,47.69541628571428,-122.11082285714288
530330323233,29.666666666666668,17.693746349999998,47.698900333333334,-122.12780500000001
530330323241,26.0,16.02080849,47.683232,-122.113125
530330323242,42.54545454545455,15.645075176363635,47.67740745454546,-122.11474209090908
530330323243,24.666666666666668,15.878307413333333,47.68328566666667,-122.121134
530330323244,41.125,18.45255327625,47.69059274999999,-122.1264925
530330323252,57.333333333333336,21.72,47.69094666666667,-122.11742666666667
530330323253,34.9,17.855423424,47.6794444,-122.1077718
530330323262,28.0,20.7730539,47.693744,-122.08973799999998
530330323263,33.5,20.485,47.73594,-122.072945
530330323271,56.6,21.786394110000003,47.712061999999996,-122.039415
530330323282,64.0,17.05,47.65415,-122.04987
530330323292,37.5,39.44,47.700995000000006,-122.01967
530330325003,52.0,26.445,47.648635,-121.91320000000002
530330326012,51.0,32.31253474,47.570627,-121.805047
530330326024,30.0,26.28585741,47.530405,-121.864125
530330327022,55.666666666666664,34.49333333333333,47.43508666666667,-121.77416666666666
530330327025,63.666666666666664,52.25666666666666,47.45121666666666,-121.61392666666667
530330327031,36.0,29.068491135000002,47.5235265,-121.83351549999999
530330327041,37.333333333333336,33.70636416666667,47.47581333333333,-121.73507500000001
530330327042,41.0,31.169383362500003,47.485238,-121.784252
530330327044,34.0,31.62,47.49524,-121.78668
530330328002,54.0,36.93,47.48668,-121.75362
530350802001,80.0,68.80751769,47.588524,-122.615124
530350804001,81.0,67.07451397,47.569329,-122.616394
530350805001,85.0,20.227484605,47.563715,-122.624901
530350814001,73.0,67.05835832,47.561901,-122.625811
530350903001,117.5,31.345,47.6927075,-122.7063375
530350907002,77.0,17.09,47.71823,-122.55686
530350908002,85.0,16.59992627,47.679457,-122.545883
530350909001,63.583333333333336,18.94123782666667,47.62346891666667,-122.51421125000002
530350909002,54.81818181818182,11.111198123727275,47.62429581818181,-122.51180427272726
530350909003,83.0,13.115561549999999,47.6389425,-122.52696499999999
530350909004,138.0,12.85,47.6368,-122.51547
530350910004,154.0,21.31,47.59927,-122.54668999999998
530350918002,98.0,22.98247939,47.620989,-122.594433
530350924001,157.0,29.2925,47.5306575,-122.6067375
530350926005,70.5,15.933195184999999,47.556444,-122.544036
530350927041,58.25,13.459999999999999,47.542244999999994,-122.482855
530350928023,71.0,18.54916709,47.435745,-122.55286
530359401002,69.0,18.55,47.71303,-122.56978
530379751001,78.0,60.08,47.39875,-121.38033
530419718001,111.0,90.05,46.71742,-122.15204
530459602001,142.0,100.96999999999998,47.40581,-123.14095000000002
530459604002,210.0,28.11,47.45145,-122.82695
530530602001,79.4,36.484,47.24109979999999,-122.43040719999999
530530606001,44.0,31.38,47.27448,-122.46244
530530607001,47.0,36.72426884,47.265676,-122.474456
530530609055,69.0,43.86,47.27153,-122.53376000000002
530530609061,38.0,32.76054323,47.261459,-122.506748
530530610021,63.0,41.63,47.25752,-122.52345
530530611005,40.0,36.04262486,47.243101,-122.49787
530530613002,51.0,31.0,47.25268,-122.45376
530530614001,80.2,33.356,47.253809999999994,-122.450996
530530614002,39.0,34.08717032,47.250769,-122.451813
530530615001,101.0,44.870000000000005,47.26408,-122.44828333333334
530530615003,41.0,34.57370381,47.261198,-122.446668
530530615004,95.0,40.73,47.25844,-122.45067
530530616011,42.666666666666664,35.93520138666667,47.254581666666674,-122.441886
530530616021,51.0,37.2954594,47.240750999999996,-122.43489966666668
530530625002,90.0,36.866,47.21449199999999,-122.448902
530530626001,56.0,37.84,47.23362,-122.45564
530530626002,62.0,38.3,47.2161,-122.46516
530530628013,43.0,32.49,47.22788,-122.49915999999999
530530628014,41.0,36.95728297,47.23360200000001,-122.494957
530530628023,51.0,44.74803257,47.189345,-122.502629
530530701001,127.0,85.29,46.93542,-121.4747
530530702031,52.0,41.55791385,47.1306,-122.169268
530530703071,51.0,39.72,47.1978,-122.12704
530530703151,43.0,31.49667462,47.248772,-122.161298
530530707033,38.0,27.46397683,47.248397,-122.310161
530530712063,46.0,39.32222099,47.156235,-122.355801
530530712073,60.0,34.2,47.16456,-122.29151
530530714072,84.0,49.5,47.06586,-122.36369
530530714082,54.0,41.82696749,47.112957,-122.427057
530530715031,56.0,42.67,47.132235,-122.43436
530530717031,69.4,40.202,47.171836,-122.465268
530530717041,52.0,36.03,47.16163,-122.47188
530530718032,98.0,48.62,47.19074000000001,-122.50917
530530718062,51.0,41.41,47.15008,-122.50251000000002
530530719014,46.0,43.465,47.13843,-122.52560500000001
530530721053,53.0,38.29012376,47.178918,-122.555255
530530723101,44.0,42.864999999999995,47.24128,-122.54277
530530723132,46.0,36.98,47.21427,-122.52551
530530724082,67.0,42.68,47.30284,-122.58141
530530724102,58.0,49.22625336,47.221436,-122.609068
530530725062,66.0,53.37763301,47.388681,-122.55368
530530725071,52.0,40.54,47.33306,-122.58908999999998
530530726034,77.0,62.67645003,47.240519,-122.80026
530530729011,53.0,43.045,47.14237,-122.4861
530530729071,62.0,38.3,47.10185,-122.53903
530530729072,85.0,53.27,47.09136,-122.57871000000002
530530731081,50.0,44.06638858,47.110889,-122.335694
530530731102,78.0,41.47,47.1318,-122.28272
530530732004,87.6,67.632,46.760282,-122.07047
530530733011,41.0,33.18928922,47.208561,-122.225681
530530733013,31.5,21.805,47.234738,-122.24771899999999
530530734042,41.0,36.19610349,47.185001,-122.287118
530530734061,56.0,44.58,47.17383,-122.2572
530530734072,39.0,35.56,47.19985,-122.29648
530539400032,35.0,30.31482698,47.239266,-122.357066
530539400041,47.0,37.59418824,47.186474,-122.364868
530539400062,42.0,34.4817409,47.2171,-122.40538
530579406001,87.0,76.76,48.518475,-122.61238499999999
530579521003,82.0,62.3,48.42105,-122.40547
530579522001,65.0,60.85,48.43664,-122.34366
530579524011,65.0,62.15574113,48.420993,-122.32763
530579525002,141.0,59.6,48.42121,-122.33405
530579525003,64.0,61.54,48.41961,-122.33552
530579527002,93.5,53.67,48.30741,-122.309335
530579901000,81.71428571428571,68.86142857142856,48.51559428571428,-122.45891999999999
530610401002,51.0,34.31,48.004,-122.20033
530610401004,38.0,26.797508123333333,47.99413766666667,-122.21697166666667
530610407001,27.0,23.59,47.98115,-122.20427
530610407002,45.0,26.6,47.97415,-122.206085
530610407003,58.5,32.557290865,47.9757515,-122.210946
530610407004,36.0,29.13173659,47.97626500000001,-122.196449
530610410004,45.5,23.39,47.953015,-122.21672000000001
530610411001,29.0,21.45531926,47.947261,-122.210064
530610411002,28.0,19.86,47.93799,-122.21985
530610413042,46.73684210526316,24.44780924684211,47.932788473684205,-122.27120121052631
530610414001,38.0,26.37,47.95747,-122.20029
530610416012,24.0,17.50029284,47.911876,-122.205782
530610416071,48.0,32.22,47.89145,-122.1647
530610416083,36.0,21.43419265,47.879345,-122.181656
530610417013,34.333333333333336,23.183011743333328,47.90195966666666,-122.208739
530610417031,24.333333333333332,16.23,47.85211333333333,-122.24909666666667
530610417034,32.0,13.76,47.84988,-122.24077
530610417041,58.333333333333336,24.05,47.86291666666667,-122.23039666666666
530610418052,30.0,18.7456460475,47.91306925000001,-122.215069
530610418053,42.5,21.14,47.914334999999994,-122.227655
530610418082,45.0,25.37,47.8941,-122.22038
530610418101,28.5,18.275,47.886835000000005,-122.25465
530610418122,20.0,13.10782125,47.873718,-122.271517
530610419011,30.5,19.661110495000003,47.8962615,-122.2760675
530610419012,36.666666666666664,15.966666666666667,47.88829666666667,-122.26777333333332
530610419031,33.0,28.7738269,47.920138,-122.270403
530610419032,34.2,18.843440498,47.90989330000001,-122.2667572
530610419043,35.0,27.8610329,47.912847,-122.238861
530610419052,23.0,22.46,47.89612,-122.25502
530610420043,43.5,23.549789355,47.876720500000005,-122.278416
530610420053,29.0,19.31593891,47.896996,-122.321891
530610420061,24.0,17.60592591,47.888124,-122.296781
530610501021,29.0,18.17323764,47.850737,-122.29996
530610501022,20.0,14.84703867,47.854243,-122.294389
530610501023,21.5,14.60998564,47.8612315,-122.28797
530610504014,31.0,14.88307819,47.81375300000001,-122.360679
530610504021,18.857142857142858,10.901982580428571,47.803126571428564,-122.33319200000001
530610505002,20.0,8.47,47.80275,-122.37177
530610505004,32.5,9.93,47.807145,-122.37776
530610505005,28.5,14.958574769999998,47.811344500000004,-122.37811450000001
530610507002,23.0,13.45361421,47.783482,-122.37672
530610507004,13.0,7.40052861,47.778283,-122.348819
530610507005,28.333333333333332,14.109297116666667,47.781742,-122.36034633333334
530610508001,28.0,14.520000000000001,47.797386666666675,-122.34064000000001
530610508003,19.0,10.72734894,47.788698,-122.354891
530610508004,15.0,8.900518204,47.796458,-122.358245
530610508005,21.0,9.08,47.79586,-122.34682
530610509001,44.0,12.728333333333333,47.79534666666667,-122.33373166666667
530610509002,29.0,12.86,47.78667,-122.33558
530610509003,32.0,17.82,47.77818,-122.34061
530610510001,21.7,10.8267432872,47.7995363,-122.3228509
530610510002,16.0,13.22588174,47.790588,-122.323171
530610510003,20.0,13.428335169999999,47.795165999999995,-122.32076650000002
530610511002,14.333333333333334,8.042611976333333,47.788079,-122.30939266666667
530610511003,13.0,5.461229719,47.77897100000001,-122.312886
530610512002,45.5,14.095,47.79253,-122.30444750000001
530610512004,37.0,15.43,47.80183,-122.31038
530610513005,52.5,16.425,47.804315,-122.292775
530610513006,30.0,12.85,47.77915,-122.29109
530610514001,28.181818181818183,12.653694735454543,47.813239272727266,-122.2938462727273
530610514003,20.333333333333332,9.898431399666668,47.82080333333332,-122.31217183333332
530610514005,32.0,18.24958481,47.814989,-122.312773
530610515001,37.0,9.88,47.82284,-122.31942
530610515003,21.5,10.7028047885,47.8134515,-122.325996
530610516012,23.0,10.83,47.83965,-122.3018
530610516013,22.0,10.79880661,47.846002,-122.30456399999998
530610516023,26.0,16.49864279,47.831299,-122.324449
530610517011,25.4,14.962365134,47.825959,-122.301843
530610517012,29.5,14.41001838,47.82776,-122.295057
530610517021,24.428571428571427,11.837051336142858,47.82234042857142,-122.28651228571428
530610517022,26.0,17.68,47.82876,-122.28326
530610518022,23.75,14.230988157499999,47.84859425,-122.272681
530610518023,27.357142857142858,13.471363259285713,47.830878999999996,-122.27511457142859
530610518033,29.0,20.87185189,47.863284,-122.282224
530610518041,44.125,18.69779735125,47.852692,-122.2594825
530610518042,35.666666666666664,16.950000000000003,47.851326666666665,-122.2703
530610519051,20.0,12.551191010000002,47.812782999999996,-122.28753966666666
530610519052,42.25,17.057875885,47.821997499999995,-122.269961
530610519054,20.5,12.035813725,47.818279000000004,-122.2669755
530610519055,16.0,9.147823862,47.813313,-122.279675
530610519056,27.5,13.642425235000001,47.819650499999995,-122.27470424999998
530610519122,32.0,24.49755168,47.787906,-122.093889
530610519153,35.0,11.32,47.79851,-122.24088
530610519162,49.0,14.803333333333335,47.811429999999994,-122.23575666666666
530610519163,22.0,13.26067851,47.795915,-122.236934
530610519184,49.0,16.43615734,47.783857,-122.2140585
530610519213,25.0,14.16819086,47.821935,-122.221473
530610519243,29.0,21.35838538,47.82295,-122.203405
530610519251,28.0,17.54875978,47.80070300000001,-122.183169
530610519252,34.714285714285715,16.17703512857143,47.801135714285714,-122.19361914285716
530610519254,32.0,13.02,47.79008,-122.18355
530610519261,58.0,23.3,47.80269000000001,-122.16582
530610519272,29.0,13.93,47.84907000000001,-122.23047
530610520031,36.0,24.69390491,47.87572,-122.171468
530610520043,32.0,23.13737056,47.878099,-122.201741
530610520073,58.333333333333336,21.560000000000002,47.83682666666667,-122.20078999999998
530610521052,36.0,28.25,47.86139,-122.05855
530610521071,33.0,17.14,47.83047,-122.17596
530610521082,42.0,28.491435515,47.829697499999995,-122.11614499999999
530610521083,38.333333333333336,28.625086479999997,47.82300133333333,-122.082943
530610523021,47.0,43.17,47.92075,-122.06088
530610524022,51.5,34.78,47.9186775,-122.0899325
530610525023,52.0,40.82,47.94385,-122.10552
530610526041,12.0,30.14,47.99823,-122.08911
530610526043,42.0,33.48,47.99562,-122.08818
530610526052,66.0,44.410000000000004,48.01772,-122.05748666666666
530610526073,46.5,35.09,47.947705,-122.08073999999999
530610528051,42.0,29.33,48.08514,-122.17196
530610529043,51.0,37.23689992,48.063543,-122.147755
530610531011,103.0,45.02,48.17858,-122.19484
530610535042,45.0,42.30853002,48.198047,-122.12663700000002
530610535071,56.666666666666664,38.92666666666667,48.17875,-122.13261666666666
530610536023,86.0,64.37652108,48.082974,-121.77376
530610536024,79.0,56.84,48.07856,-121.7448
530610536032,52.5,43.91,48.071394999999995,-122.01084
530610536041,48.0,41.44,48.07334,-122.01416
530610538013,85.0,53.71,47.80939,-121.57357
530610538032,64.0,48.32650815,47.865658,-121.679849
530619400013,43.0,31.01192156,48.05270000000001,-122.21772266666666
530619400014,57.2,34.854,48.08945,-122.18804200000002
530670101001,79.0,65.12,47.05086,-122.90265
530670101002,81.25,58.339999999999996,47.037632499999994,-122.89550249999999
530670101003,78.66666666666667,51.71130303333334,47.03576733333333,-122.90463499999998
530670108003,67.0,63.01633997,46.997038,-122.906034
530670112001,90.0,59.16,47.03705,-122.84253
530670112003,100.0,59.89,47.03967,-122.82725
530670113002,75.0,67.61262125,47.030264,-122.83161
530670122112,105.0,60.73,47.08103,-122.84476
530670122122,76.0,66.07907762,47.052096,-122.843871
530670123302,69.0,51.01,47.0593,-122.75387
530730003002,94.0,90.18,48.78914,-122.51403
530730012023,74.0,78.29,48.71398,-122.47771000000002
530730101001,235.0,119.26,48.75032,-121.55522
530730104031,106.0,108.09,48.93814,-122.79477
530770002003,139.0,145.41,46.6107,-120.49833
530770007002,143.0,143.7473458,46.59306,-120.523794
none,128.80645161290323,325.542510859613,45.22280848387098,-119.99483788709675
